{
	"credit": "Made with Blockbench",
	"textures": {
		"0": "pillpira:item/pirate_hook",
		"particle": "pillpira:item/pirate_hook"
	},
	"elements": [
		{
			"from": [0, 0, 0],
			"to": [4, 5, 4],
			"rotation": {"angle": 0, "axis": "y", "origin": [0, 1, 0]},
			"faces": {
				"north": {"uv": [0, 10, 4, 15], "texture": "#0"},
				"east": {"uv": [0, 10, 4, 15], "texture": "#0"},
				"south": {"uv": [0, 10, 4, 15], "texture": "#0"},
				"west": {"uv": [0, 10, 4, 15], "texture": "#0"},
				"up": {"uv": [0, 6, 4, 10], "texture": "#0"},
				"down": {"uv": [0, 6, 4, 10], "texture": "#0"}
			}
		},
		{
			"from": [-0.25, -0.25, -0.25],
			"to": [4.25, 3.25, 4.25],
			"rotation": {"angle": 0, "axis": "y", "origin": [0, 1, 0]},
			"faces": {
				"north": {"uv": [5, 0, 9, 3], "texture": "#0"},
				"east": {"uv": [5, 0, 9, 3], "texture": "#0"},
				"south": {"uv": [5, 0, 9, 3], "texture": "#0"},
				"west": {"uv": [5, 0, 9, 3], "texture": "#0"},
				"up": {"uv": [5, 3, 9, 7], "texture": "#0"},
				"down": {"uv": [5, 7, 9, 11], "texture": "#0"}
			}
		},
		{
			"from": [-1, 5, 2],
			"to": [4, 11, 2],
			"rotation": {"angle": 0, "axis": "y", "origin": [-1, 5, 2]},
			"faces": {
				"north": {"uv": [0, 0, 5, 6], "texture": "#0"},
				"east": {"uv": [0, 0, 0, 6], "texture": "#0"},
				"south": {"uv": [5, 0, 0, 6], "texture": "#0"},
				"west": {"uv": [0, 0, 0, 6], "texture": "#0"},
				"up": {"uv": [0, 0, 5, 0], "texture": "#0"},
				"down": {"uv": [0, 0, 5, 0], "texture": "#0"}
			}
		}
	],
	"display": {
		"thirdperson_righthand": {
			"rotation": [-90, 0, 0],
			"translation": [6.25, 4.25, -5.25],
			"scale": [1.05, 1.05, 1.05]
		},
		"ground": {
			"translation": [7, 5.5, 6.75]
		},
		"gui": {
			"rotation": [30, 225, 0],
			"translation": [-8.5, 2.25, 0]
		},
		"fixed": {
			"translation": [6.75, 2.25, 6.5]
		}
	}
}