{
	"credit": "Made with Blockbench",
	"textures": {
		"0": "pillpira:entity/pirate_hat"
	},
	"elements": [
		{
			"from": [-0.25, 6.5, -0.25],
			"to": [8.25, 9, 8.25],
			"faces": {
				"north": {"uv": [8, 4.5, 16, 7], "texture": "#0"},
				"east": {"uv": [16, 7, 16, 7], "texture": "#0"},
				"south": {"uv": [16, 7, 16, 7], "texture": "#0"},
				"west": {"uv": [16, 7, 16, 7], "texture": "#0"},
				"up": {"uv": [16, 7, 16, 6.5], "texture": "#0"},
				"down": {"uv": [16, 7, 16, 6.5], "texture": "#0"}
			}
		},
		{
			"from": [-0.5, 9, -0.5],
			"to": [8.5, 11, 8.5],
			"faces": {
				"north": {"uv": [0, 2, 8, 4], "texture": "#0"},
				"east": {"uv": [0, 0, 8, 2], "texture": "#0"},
				"south": {"uv": [0, 0, 8, 2], "texture": "#0"},
				"west": {"uv": [0, 0, 8, 2], "texture": "#0"},
				"up": {"uv": [16, 8, 16, 8], "texture": "#0"},
				"down": {"uv": [16, 8, 16, 8], "texture": "#0"}
			}
		},
		{
			"from": [0, 9, 0],
			"to": [8, 15, 8],
			"faces": {
				"north": {"uv": [0, 4, 8, 10], "texture": "#0"},
				"east": {"uv": [0, 10, 8, 16], "texture": "#0"},
				"south": {"uv": [0, 10, 8, 16], "texture": "#0"},
				"west": {"uv": [0, 10, 8, 16], "texture": "#0"},
				"up": {"uv": [8, 8, 16, 16], "texture": "#0"},
				"down": {"uv": [16, 8, 16, 7], "texture": "#0"}
			}
		}
	],
	"display": {
		"head": {
			"translation": [6.5, 0, 6],
			"scale": [1.62, 1.6, 1.6]
		}
	}
}